,id,artDate,artCat,origin_sentence,sentence,source
0,1,2022-07-24,國泰,需要使用『開戶預填』的功能，才安裝app， 但只要填寫過程有中斷（查詢公司統編、等待email驗證碼）， 會跳出閒置過久（明明就還要四百多秒）然後導到app首頁， 從此就再也點不到預填開戶的頁面，按了會導到銀行網頁， 需要將app移除，重新安裝，才能再次正確的點開『開戶預填』頁面， 大概移除、重裝app五次，才順利完成『開戶預填』的步驟，差點就要失去耐心了。 希望可以改善此功能， 功能的用意是好的，但希望可以穩定正常的運作。,需要使用開戶預填的功能才安裝app但只要填寫過程有中斷查詢公司統編等待email驗證碼會跳出閒置過久明明就還要四百多秒然後導到app首頁從此就再也點不到預填開戶的頁面按了會導到銀行網頁需要將app移除重新安裝才能再次正確的點開開戶預填頁面大概移除重裝app五次才順利完成開戶預填的步驟差點就要失去耐心了希望可以改善此功能功能的用意是好的但希望可以穩定正常的運作,play store
1,2,2022-06-08,國泰,操作到一半就逾時，而且資料都已經備好了，只要點開分頁就能直接貼上還能逾時！ 逾時判定太快了吧，完全沒有準備的時間，這樣是要怎麼操作？我都還沒開戶手機就要沒電了，重新開始頁面一直卡在首頁不給開戶！都要跑一趟了，只因為逾時就又要重填，能不能解決？,操作到一半就逾時而且資料都已經備好了只要點開分頁就能直接貼上還能逾時逾時判定太快了吧完全沒有準備的時間這樣是要怎麼操作我都還沒開戶手機就要沒電了重新開始頁面一直卡在首頁不給開戶都要跑一趟了只因為逾時就又要重填能不能解決,play store
2,3,2022-08-24,國泰,操作申請新用戶竟然只有10分鐘可執行，超過就重來，要手機和email驗證碼，還得上傳身份證正反面、第二證件，還要看內容填寫資料，10分鐘根本不夠，我前後填寫重來了7、8次，本人是每天使用電腦的工程師，還得搞這麼久才申請完成，我看一些年紀大又不熟操作者恐怕是沒辦法使用這個app，不知道這app功能是怎麼設計定的，87分，不能再高了。,操作申請新用戶竟然只有分鐘可執行超過就重來要手機和email驗證碼還得上傳身份證正反面第二證件還要看內容填寫資料分鐘根本不夠我前後填寫重來了次本人是每天使用電腦的工程師還得搞這麼久才申請完成我看一些年紀大又不熟操作者恐怕是沒辦法使用這個app不知道這app功能是怎麼設計定的分不能再高了,play store
3,4,2022-07-28,國泰,手機軟體已經升級到最新的版本，但要轉帳的時候一直顯示“錯誤”說，為提升您的轉帳交易體驗，請將APP更新至最新版，使用新版轉帳功能。IB-9999，問題是我已經是最新版本，然後設定那邊找不到改成新版轉帳功能的選項？？？,手機軟體已經升級到最新的版本但要轉帳的時候一直顯示錯誤說為提升您的轉帳交易體驗請將APP更新至最新版使用新版轉帳功能IB問題是我已經是最新版本然後設定那邊找不到改成新版轉帳功能的選項,play store
4,5,2022-07-21,國泰,打開app會跳出維護通知，但沒有地方可以關掉，無法登入。 後續更新:打開後會短暫出現綠色的已了解按鈕，但放久一點公告畫面就變全白，沒有按鈕可按。 再後來登入就正常了。,打開app會跳出維護通知但沒有地方可以關掉無法登入後續更新打開後會短暫出現綠色的已了解按鈕但放久一點公告畫面就變全白沒有按鈕可按再後來登入就正常了,play store
5,6,2022-07-26,國泰,1.不能只變更密碼設定，需連帳號同時一起改，只好先都改臨時的，再從重新設定立預定帳密 2.輸入錯誤不能按X刪錯字，需返回最前頁再重頭操作。 設定過程耗費相當多時間，這是重大疏失，應立即獲得改善。,不能只變更密碼設定需連帳號同時一起改只好先都改臨時的再從重新設定立預定帳密輸入錯誤不能按X刪錯字需返回最前頁再重頭操作設定過程耗費相當多時間這是重大疏失應立即獲得改善,play store
6,7,2022-08-21,國泰,重新更新後的app一點都不好用 ，試了10次 ，轉帳金額最多只能輸入9元 ！這是怎麼回事 ？為什麼怎麼按其他數字都無法輸入 ，根本無法轉帳 ，用到生氣 ，爛透了 ！最後還是去ATM轉帳 ，真不知道這個app改版後哪裡進步 ！,重新更新後的app一點都不好用試了次轉帳金額最多只能輸入元這是怎麼回事為什麼怎麼按其他數字都無法輸入根本無法轉帳用到生氣爛透了最後還是去ATM轉帳真不知道這個app改版後哪裡進步,play store
7,8,2022-08-25,國泰,拜託你們學富邦的app。真的app不好用。 第1：查詢台外幣帳戶資料，天數都 超級短。 【富邦app可以查詢6個月，超方便】 第2：app不能直接 外幣、台幣定存、美元優利定存...。 【富邦app主選單就有定存選項，可以 線上定存，不用另外登入網銀方便。好用。(2022/8月才剛用富邦app 美元優利)】 app超級難用，拜託去請教富邦如何設計。 富邦指紋登入app後 就有選項可以直接台外幣定存。 國泰指紋登入了 難道不是自己的指紋嗎！ 還要再帳密登錄一個網銀，那幹嘛叫人下載app。要不是不得已 我不會拖10幾年到去年底才開戶,拜託你們學富邦的app真的app不好用第查詢台外幣帳戶資料天數都超級短富邦app可以查詢個月超方便第app不能直接外幣台幣定存美元優利定存富邦app主選單就有定存選項可以線上定存不用另外登入網銀方便好用月才剛用富邦app美元優利app超級難用拜託去請教富邦如何設計富邦指紋登入app後就有選項可以直接台外幣定存國泰指紋登入了難道不是自己的指紋嗎還要再帳密登錄一個網銀那幹嘛叫人下載app要不是不得已我不會拖幾年到去年底才開戶,play store
8,9,2022-07-16,國泰,轉帳當掉，新版app 很不穩定，畫面也更不人性化。 原本app很好用，之前一直在用。 但是最近升級後，問題一大堆。 今天要新增常用轉帳帳戶，連續新增四次，app都當掉，重新進入。 根本無法使用轉帳功能，是要強迫使用者換家網路銀行嗎？ 這樣的品質為何要換新app，不如恢復原本的app 比較穩定。 原本常用轉帳帳號版面正常，新的字體變大，編排變差，整個使用起來，非常不友善。 開發新app的團隊 有參考舊的app，把原有的優點留下來嗎？ 目前沒感覺到新app任何優點，只多了很多不便。 現在新app連新增常用帳戶來轉帳都有問題，只能先用其他家網銀。,轉帳當掉新版app很不穩定畫面也更不人性化原本app很好用之前一直在用但是最近升級後問題一大堆今天要新增常用轉帳帳戶連續新增四次app都當掉重新進入根本無法使用轉帳功能是要強迫使用者換家網路銀行嗎這樣的品質為何要換新app不如恢復原本的app比較穩定原本常用轉帳帳號版面正常新的字體變大編排變差整個使用起來非常不友善開發新app的團隊有參考舊的app把原有的優點留下來嗎目前沒感覺到新app任何優點只多了很多不便現在新app連新增常用帳戶來轉帳都有問題只能先用其他家網銀,play store
9,10,2022-08-10,國泰,(上個禮拜反應這禮拜已更新正確顯示，效率讚讚回來改五星💯)。完成Cube當月任務享有下個月跨轉免手續費5次，卻都顯示0次，網頁版的網路銀行查詢也一樣，但實測的確有免手續費，希望能顯示即時正確的剩餘免費手續費次數。,上個禮拜反應這禮拜已更新正確顯示效率讚讚回來改五星完成Cube當月任務享有下個月跨轉免手續費次卻都顯示次網頁版的網路銀行查詢也一樣但實測的確有免手續費希望能顯示即時正確的剩餘免費手續費次數,play store
10,11,2022-08-14,國泰,"上期總金額應繳24880,因帳戶僅有20213,所以有4667沒扣到，後來要補繳這4667多，根本沒辦法輸入4667多金額,僅能選擇繳最低分期金額，這2天收到帳單，要繳循環利息，個人認為很不合理！！",上期總金額應繳因帳戶僅有所以有沒扣到後來要補繳這多根本沒辦法輸入多金額僅能選擇繳最低分期金額這天收到帳單要繳循環利息個人認為很不合理,play store
11,12,2022-08-26,國泰,整體體驗不錯👌 目前遇到的問題是，我用信用卡繳一次電信費之後，下一期想選擇活期帳戶扣款卻無法選擇(轉出帳號那格是灰色的，沒有選項讓我選),整體體驗不錯目前遇到的問題是我用信用卡繳一次電信費之後下一期想選擇活期帳戶扣款卻無法選擇轉出帳號那格是灰色的沒有選項讓我選,play store
12,13,2022-08-11,國泰,建議轉帳確認畫面，轉出帳號可列示在轉入帳號的上方。因外幣app轉帳及台幣網頁版皆為轉出帳號在上方，唯獨台幣app轉帳顛倒，邏輯一致在使用上會更直覺。,建議轉帳確認畫面轉出帳號可列示在轉入帳號的上方因外幣app轉帳及台幣網頁版皆為轉出帳號在上方唯獨台幣app轉帳顛倒邏輯一致在使用上會更直覺,play store
13,14,2022-06-17,國泰,---2022/6/17更新--- 還是超級爛！！！ 轉接專人視訊驗證，無法調整聲音大小、連結藍牙耳機聲音不是從耳機出來，使用者體驗真的很差，開發團隊真的需要加強… 載入速度非常慢（確定不是網路問題），而且基金淨值不論什麼時候點都是系統維護中，對於APP的優化速度完全看不出來國泰有心想發展這個部分，建議採用其他家的網路銀行,更新還是超級爛轉接專人視訊驗證無法調整聲音大小連結藍牙耳機聲音不是從耳機出來使用者體驗真的很差開發團隊真的需要加強載入速度非常慢確定不是網路問題而且基金淨值不論什麼時候點都是系統維護中對於APP的優化速度完全看不出來國泰有心想發展這個部分建議採用其他家的網路銀行,play store
14,15,2022-07-17,國泰,新的轉帳介面很新奇，但無法正常輸入金額，更新後並未改善。幸好可以在他處複製數字貼上欄位代替直接輸入金額，供有遇到同樣問題的人參考。,新的轉帳介面很新奇但無法正常輸入金額更新後並未改善幸好可以在他處複製數字貼上欄位代替直接輸入金額供有遇到同樣問題的人參考,play store
15,16,2022-07-31,國泰,要求更新才能匯款，更新後又要求輸入認證碼，不然就是設定好的人臉辨識要重新再設定。人臉辦識的客服，假日又沒人值班服務，搞得超不方便的。,要求更新才能匯款更新後又要求輸入認證碼不然就是設定好的人臉辨識要重新再設定人臉辦識的客服假日又沒人值班服務搞得超不方便的,play store
16,17,2022-07-07,國泰,新開戶，已拍照上傳資料，在確認資料部分，按下一頁，一直出現格式錯誤[9998]，回確認資料的頁面又沒有任何的地方可以點按填寫，根本無法進入下一步驟，不知道這樣是要怎麼申請啊,新開戶已拍照上傳資料在確認資料部分按下一頁一直出現格式錯誤回確認資料的頁面又沒有任何的地方可以點按填寫根本無法進入下一步驟不知道這樣是要怎麼申請啊,play store
17,18,2022-07-28,國泰,原本的版本就很好用，不知道在亂更新什麼，轉帳超難用，所以繼續使用舊版轉帳。結果今天登入又強迫要更新之後，更新完卻又一直說要更新才能用，可是就是最新版本了呀！越更新越爛，到底為何要更新？？？,原本的版本就很好用不知道在亂更新什麼轉帳超難用所以繼續使用舊版轉帳結果今天登入又強迫要更新之後更新完卻又一直說要更新才能用可是就是最新版本了呀越更新越爛到底為何要更新,play store
18,19,2022-06-28,國泰,預約開戶到一半就超時強制回開始畫面。 每頁我操作時間頂多也兩三分鐘，感覺倒數也沒在換頁時重置，然後想重新走流程就無法進到預約開戶畫面了,預約開戶到一半就超時強制回開始畫面每頁我操作時間頂多也兩三分鐘感覺倒數也沒在換頁時重置然後想重新走流程就無法進到預約開戶畫面了,play store
19,20,2022-06-10,國泰,這個問題實在太搞笑了，想要找取消訂閱電子報，不管從APP跟網銀居然都找不到，這樣還要客戶自己打電話，實在太惱人了，希望要改善！！！！！！！！,這個問題實在太搞笑了想要找取消訂閱電子報不管從APP跟網銀居然都找不到這樣還要客戶自己打電話實在太惱人了希望要改善,play store
20,21,2022-07-28,國泰,之前有將轉帳功能設定回舊版的，原本昨天都還能用，現在卻顯示請更新新版並使用新的轉帳功能介面，明明沒有可以更新或重新設定的選項，現在錢都用不了了。,之前有將轉帳功能設定回舊版的原本昨天都還能用現在卻顯示請更新新版並使用新的轉帳功能介面明明沒有可以更新或重新設定的選項現在錢都用不了了,play store
21,22,2022-07-15,國泰,之前一直很好用，今天要轉賬確說要更新版本才能。卻沒有直接連一個按鈕（更新版本）。讓我們花了好長時間到處找，更新版本在哪？最後我改從電腦去登入轉賬。。這設計不太好,之前一直很好用今天要轉賬確說要更新版本才能卻沒有直接連一個按鈕更新版本讓我們花了好長時間到處找更新版本在哪最後我改從電腦去登入轉賬這設計不太好,play store
22,23,2022-07-24,國泰,要轉帳卻一直被要求退出背景程式，之前的很好用！更新後根本就無法使用！這樣不負責任的更新！已造成了存戶的困擾！不懂這樣算什麼保護帳戶使用的安全？還選在假日沒營業時要求更新？,要轉帳卻一直被要求退出背景程式之前的很好用更新後根本就無法使用這樣不負責任的更新已造成了存戶的困擾不懂這樣算什麼保護帳戶使用的安全還選在假日沒營業時要求更新,play store
23,24,2022-07-15,國泰,一直不敢用，用此app還要裝防毒軟體，還傳簡訊過來可以用此app開通證券戶，我用其他銀行app都沒有其他疑慮(信用卡銀行app也一樣)是否能增加此app安全性或用此app不會有金錢被盜用，信用卡被盜刷的疑慮呢？,一直不敢用用此app還要裝防毒軟體還傳簡訊過來可以用此app開通證券戶我用其他銀行app都沒有其他疑慮信用卡銀行app也一樣是否能增加此app安全性或用此app不會有金錢被盜用信用卡被盜刷的疑慮呢,play store
24,25,2022-06-07,國泰,可不可以不要亂搞啊，本來好好的，更新完無卡提款沒辦法用，卡在輸入密碼就動不了，叫人在外面突然要用錢怎麼辦，真的是沒事找事做,可不可以不要亂搞啊本來好好的更新完無卡提款沒辦法用卡在輸入密碼就動不了叫人在外面突然要用錢怎麼辦真的是沒事找事做,play store
25,26,2022-07-18,國泰,更新後轉帳功能很差，一直出現日期設定錯誤，我選的是即時！！本來很好用的app改成這樣、、,更新後轉帳功能很差一直出現日期設定錯誤我選的是即時本來很好用的app改成這樣,play store
26,27,2022-07-22,國泰,絕對是最爛的網路銀行 APP，線上繳納國泰信用卡，一整天從早上到晚上系統一直忙線中，無法想像到底是有多忙？沒那個技術就別跟人用什麼 APP 了，客戶的時間被浪費就罷了，錢交給你們轉來轉去能安心嗎？,絕對是最爛的網路銀行APP線上繳納國泰信用卡一整天從早上到晚上系統一直忙線中無法想像到底是有多忙沒那個技術就別跟人用什麼APP了客戶的時間被浪費就罷了錢交給你們轉來轉去能安心嗎,play store
27,28,2022-07-06,國泰,為什麼我都已經設定好外幣到價通知了，為什麼已經低了卻沒通知，還要我自己看？？？到價沒通知就算了，還給我通知一堆廣告？？？到價通知開啟是通知廣告的是嗎？？？那請問是不是我開啟廣告才會有到價通知？？？到價通知根本設定心酸的,為什麼我都已經設定好外幣到價通知了為什麼已經低了卻沒通知還要我自己看到價沒通知就算了還給我通知一堆廣告到價通知開啟是通知廣告的是嗎那請問是不是我開啟廣告才會有到價通知到價通知根本設定心酸的,play store
28,29,2022-07-23,國泰,無法登入，強制更新後一直顯示連線異常並跳出畫面，以前的APP就好用多了，現在這是在搞什麽！！,無法登入強制更新後一直顯示連線異常並跳出畫面以前的APP就好用多了現在這是在搞什麽,play store
29,30,2022-05-31,國泰,"按照順序線上預填開戶資料，證件上傳完要修改地址資料的時候就突然跳出說我逾時把我踢掉，前面的步驟都還剩好幾分鐘的時間，太誇張了吧，這樣是要怎麼開戶？？ 就不說一開始在等推薦人的keycode, 導致前面沒填完離開APP之後再也回不到開戶畫面，點開戶變成連到網頁，網頁的開戶也只是教學說APP怎麼開戶，整個鬼打牆，要移掉重裝才有用。結果迅速把資料key完又出現逾時把我踢掉，是這樣對新客戶的嗎？ 而且新增個約定轉帳的帳戶要在超長的銀行列表裡一直往下捲，非常浪費時間，為什麼不提供key關鍵字快速搜尋的功能？",按照順序線上預填開戶資料證件上傳完要修改地址資料的時候就突然跳出說我逾時把我踢掉前面的步驟都還剩好幾分鐘的時間太誇張了吧這樣是要怎麼開戶就不說一開始在等推薦人的keycode導致前面沒填完離開APP之後再也回不到開戶畫面點開戶變成連到網頁網頁的開戶也只是教學說APP怎麼開戶整個鬼打牆要移掉重裝才有用結果迅速把資料key完又出現逾時把我踢掉是這樣對新客戶的嗎而且新增個約定轉帳的帳戶要在超長的銀行列表裡一直往下捲非常浪費時間為什麼不提供key關鍵字快速搜尋的功能,play store
30,31,2022-03-21,國泰,只要有曾經離開過app的視窗然後再切換回來的話，就算我正在操作中，幾秒後程式也會自動說我已閒置太久了，它將會重啟（無關系統所提示的剩餘時間，每次它把我強制登出時都還剩有上百秒），然後我丟失一切填寫進度；再由於沒有絲毫的暫存機制，所以需要一切重來。於是，一個簡單的、所謂只要5分鐘就能結束的開戶手續，前前後後共填了5、6次，花了我一個多小時。糟糕透頂的使用體驗。,只要有曾經離開過app的視窗然後再切換回來的話就算我正在操作中幾秒後程式也會自動說我已閒置太久了它將會重啟無關系統所提示的剩餘時間每次它把我強制登出時都還剩有上百秒然後我丟失一切填寫進度再由於沒有絲毫的暫存機制所以需要一切重來於是一個簡單的所謂只要分鐘就能結束的開戶手續前前後後共填了次花了我一個多小時糟糕透頂的使用體驗,play store
31,32,2022-05-08,國泰,截圖功能沒有隱藏餘額，以前有自動隱藏，今天發現擷取畫面後餘額依然顯示，看了好幾次設定都不知道在那邊設定，而且依然沒通知！購物平台顯示付款成功，但打開app並沒有顯示推播紀錄，等多久都沒有，你app就沒有東西手機怎麼可能有通知來？非要在和line連結才勉強算能及時看到帳戶異動，每次說到這種問題你們就要說是顧客手機問題要人打客服，請問網路拿來幹嘛的？嘖！,截圖功能沒有隱藏餘額以前有自動隱藏今天發現擷取畫面後餘額依然顯示看了好幾次設定都不知道在那邊設定而且依然沒通知購物平台顯示付款成功但打開app並沒有顯示推播紀錄等多久都沒有你app就沒有東西手機怎麼可能有通知來非要在和line連結才勉強算能及時看到帳戶異動每次說到這種問題你們就要說是顧客手機問題要人打客服請問網路拿來幹嘛的嘖,play store
32,33,2022-05-04,國泰,轉帳功能出現問題，一直等不到交易認證碼簡訊，也沒有公告事項。再更新APP後也沒有改善。剛好晚上沒客服人員可詢問，只能在客服語音系統裡鬼打牆。行動銀行最主要的功能之一就是轉帳，轉帳不能用所以評價下修。 比較廢的行動銀行還能正常使用，而貴單位的APP無端不能正常使用，浪費使用者時間在嘗試解決！ ———————————————— 原最低限度可以接受的行動銀行app之一，忘記密碼與使用者代號去atm設定，重設密碼與代號。至少比某華X銀行網銀與行動app，要開通轉帳功能一定得臨櫃一併辦理才能運作，超廢的。至少這個app是可以使用，而且跟剛使用的時期相比，有在進步。只是APP有些肥，希望能再瘦身些。,轉帳功能出現問題一直等不到交易認證碼簡訊也沒有公告事項再更新APP後也沒有改善剛好晚上沒客服人員可詢問只能在客服語音系統裡鬼打牆行動銀行最主要的功能之一就是轉帳轉帳不能用所以評價下修比較廢的行動銀行還能正常使用而貴單位的APP無端不能正常使用浪費使用者時間在嘗試解決原最低限度可以接受的行動銀行app之一忘記密碼與使用者代號去atm設定重設密碼與代號至少比某華X銀行網銀與行動app要開通轉帳功能一定得臨櫃一併辦理才能運作超廢的至少這個app是可以使用而且跟剛使用的時期相比有在進步只是APP有些肥希望能再瘦身些,play store
33,34,2022-06-26,國泰,網路異常，無法開啟與登入APP 怎麼突然這樣？我網路沒問題啊 App也最新版啦 為什麼每次都要整個終止程式跟移除快取才能進去 時不時登入出問題 改善一下麻煩,網路異常無法開啟與登入APP怎麼突然這樣我網路沒問題啊App也最新版啦為什麼每次都要整個終止程式跟移除快取才能進去時不時登入出問題改善一下麻煩,play store
34,35,2022-08-05,國泰,每次離線後再上線，App就不能用，完全當機，還要重新下載App，請修正功能，謝謝。,每次離線後再上線App就不能用完全當機還要重新下載App請修正功能謝謝,play store
35,36,2022-07-12,國泰,"使用手機提款最後還是得在ATM輸入密碼,簡直是脫褲子放屁,還不如直接用提款卡領錢。 現在更扯了,連vpn都不能用!",使用手機提款最後還是得在ATM輸入密碼簡直是脫褲子放屁還不如直接用提款卡領錢現在更扯了連vpn都不能用,play store
36,37,2022-07-23,國泰,登入說網路異常要更新 更新後說連線異常 要確認網路安全才能使用 問題是 連開啟都無法 是要用戶如何使用 最少也要讓我有地方驗明正身吧 急著用錢的客戶該怎麼辦呢？ 請盡快給我一個回覆吧！,登入說網路異常要更新更新後說連線異常要確認網路安全才能使用問題是連開啟都無法是要用戶如何使用最少也要讓我有地方驗明正身吧急著用錢的客戶該怎麼辦呢請盡快給我一個回覆吧,play store
37,38,2022-08-09,國泰,【交割缺款 緊急通知】的Email通知整整晚了24小時才收到會不會太離譜，幸好真人電話有接到，若Email通知會delay，此功能乾脆廢掉算了,交割缺款緊急通知的Email通知整整晚了小時才收到會不會太離譜幸好真人電話有接到若Email通知會delay此功能乾脆廢掉算了,play store
38,39,2022-08-19,國泰,他行驗證資料都正確 也對好幾次 每次都顯示帳號資料錯誤 app是鬼打牆還是線路接到平行時空？？？,他行驗證資料都正確也對好幾次每次都顯示帳號資料錯誤app是鬼打牆還是線路接到平行時空,play store
39,40,2022-06-18,國泰,近期更新改板不比之前好用。且板面色調由綠色系換成了灰色系，遠離了原本國泰-生氣蓬勃的視覺象徵。,近期更新改板不比之前好用且板面色調由綠色系換成了灰色系遠離了原本國泰生氣蓬勃的視覺象徵,play store
40,41,2022-08-10,國泰,方便，迅速，簡單，易操作，連我這種3c白痴都會了，總之，真的好用...,方便迅速簡單易操作連我這種c白痴都會了總之真的好用,play store
41,42,2022-05-06,國泰,使用國泰app已經很久了，但有個疑問，帳戶的排列順序是否可以自由更換，常用的可以由自己擺放位子，希望這個功能也能設計進去，應該也會蠻便利的吧。,使用國泰app已經很久了但有個疑問帳戶的排列順序是否可以自由更換常用的可以由自己擺放位子希望這個功能也能設計進去應該也會蠻便利的吧,play store
42,43,2022-07-23,國泰,已經持續好幾天app打開出現問候語後，就直接閃退，所以一直無法使用網銀功能，請協助解決，謝謝!,已經持續好幾天app打開出現問候語後就直接閃退所以一直無法使用網銀功能請協助解決謝謝,play store
43,44,2022-03-09,國泰,"近日更新後無法開啟使用。一直出現要求更新到最新版的訊息，明明就已經是最新的版本了。其實很失望，貴行的自動化系統老是出問題，不管是ATM,網銀還是手機app。",近日更新後無法開啟使用一直出現要求更新到最新版的訊息明明就已經是最新的版本了其實很失望貴行的自動化系統老是出問題不管是ATM網銀還是手機app,play store
44,45,2022-08-25,國泰,更新後驗證碼多要重打就算了 傳簡訊來的驗證碼前面一堆字 根本看不到驗證碼因手機型號無法下拉需按下去看才能看到再轉回App後又要重新收簡訊再來一次無限輪迴到不用轉帳 打到客服也幫不到什麼忙 又說要去實體銀行處理,更新後驗證碼多要重打就算了傳簡訊來的驗證碼前面一堆字根本看不到驗證碼因手機型號無法下拉需按下去看才能看到再轉回App後又要重新收簡訊再來一次無限輪迴到不用轉帳打到客服也幫不到什麼忙又說要去實體銀行處理,play store
45,46,2022-06-10,國泰,換一個好笑的事情說，關於智能投資，要取消組合找不到刪除按鍵，回報時說按下刪除，我要是找得到還需要客服嗎？照著步驟除了刪除都知道，重點是刪除呢？,換一個好笑的事情說關於智能投資要取消組合找不到刪除按鍵回報時說按下刪除我要是找得到還需要客服嗎照著步驟除了刪除都知道重點是刪除呢,play store
46,47,2022-07-29,國泰,以前有一個成就感就是這個app有免填資料信貸額度試算的功能，但現在這個成就感被扼殺了。,以前有一個成就感就是這個app有免填資料信貸額度試算的功能但現在這個成就感被扼殺了,play store
47,48,2022-07-29,國泰,轉帳完的截取功能，怎麼沒有不顯示餘額的功能了？很不方便，麻煩改進，謝謝！,轉帳完的截取功能怎麼沒有不顯示餘額的功能了很不方便麻煩改進謝謝,play store
48,49,2022-08-13,國泰,面板簡潔，操作容易，帳戶一有動靜就會立即通知,面板簡潔操作容易帳戶一有動靜就會立即通知,play store
49,50,2022-08-11,國泰,更新完之後找不到看帳戶存匯明細的功能 只有叫我升級成尊榮的廣告..到底？,更新完之後找不到看帳戶存匯明細的功能只有叫我升級成尊榮的廣告到底,play store
50,51,2022-08-23,國泰,升級後，有約定的帳號都不見了！還要特地上網轉帳很麻煩,升級後有約定的帳號都不見了還要特地上網轉帳很麻煩,play store
51,52,2022-08-19,國泰,一直說要更新版本，卸載重新安裝也一樣。,一直說要更新版本卸載重新安裝也一樣,play store
52,53,2022-08-24,國泰,整個APP運作慢的要死，到最後連登入都登不了！！,整個APP運作慢的要死到最後連登入都登不了,play store
53,54,2022-08-13,國泰,轉帳金額數字只能按一個碼 難到轉帳一千元要只能輸入9之後轉按999次嗎 好爛的app哦,轉帳金額數字只能按一個碼難到轉帳一千元要只能輸入之後轉按次嗎好爛的app哦,play store
54,55,2022-07-23,國泰,爛銀行，繳稅期限都過半個月了，才發簡訊通知繳稅分期可用餘額不足。申請的時候不能提醒嗎？,爛銀行繳稅期限都過半個月了才發簡訊通知繳稅分期可用餘額不足申請的時候不能提醒嗎,play store
55,56,2022-06-09,國泰,很爛的畫面 你們自己也去看一下你們app 有那家顯示“金額“是直立式的 1 1 1 . 2 這樣顯示的,很爛的畫面你們自己也去看一下你們app有那家顯示金額是直立式的這樣顯示的,play store
56,57,2022-07-29,國泰,"夠垃圾的app,不是說開外幣帳戶只要3分鐘，一堆要求，做到了也開不了外幣帳戶，真夠可憐的銀行連IT人才也找不到。",夠垃圾的app不是說開外幣帳戶只要分鐘一堆要求做到了也開不了外幣帳戶真夠可憐的銀行連IT人才也找不到,play store
57,58,2022-08-10,國泰,希望可以顯示外幣總額，而不是只有台幣總額,希望可以顯示外幣總額而不是只有台幣總額,play store
58,59,2022-05-05,國泰,強烈建議以下事項： 那個視訊驗證增加約定轉帳帳戶的功能，在連線之後居然自動變成擴音而且不能用耳麥，因為這樣尷尬到爆，全世界都知道我在設定約定帳號。我覺得這可以修正吧？那麼多App都可以支援耳麥，不可能做不到啊。而且既然都可以視訊了也拔口罩看到臉了，還附上身份證了，又發了手機簡訊驗證，為什麼還要規定只能擴音。再者，連線穩定的情況下，App當下居然無法同時操作，這太不合理，我們當然不可能在腦海裡面記得所有帳號，當然是存App啊，那不能同時操作的情況下簡直跟腦霧無異，又不是什麼記憶大師。而且這時候最好是我還會先預判到你們App是這樣子所以先準備好紙本帳號來綁定約定帳號？這很好笑耶。我覺得手機、身份證、加上本人視訊已經夠安全了不是嗎？為什麼還要諸多限制呢？要是這三樣東西真的完全都被人控制那八成也是被綁票了吧。反正看完這篇的人應該也知道以後要視訊增加約定帳號最好還是好好地先用傳統的紙筆方式寫下來吧。不然乾脆就請假吧，反正這個年代要辦什麼大概都得請假吧。 至於其他的轉帳帳戶卡片等等功能則都很優秀，這個自然不在話下，只是我覺得聽到App的功能被抱怨應該是先尋求改進，而不是兩手一攤說我們就是這樣。,強烈建議以下事項那個視訊驗證增加約定轉帳帳戶的功能在連線之後居然自動變成擴音而且不能用耳麥因為這樣尷尬到爆全世界都知道我在設定約定帳號我覺得這可以修正吧那麼多App都可以支援耳麥不可能做不到啊而且既然都可以視訊了也拔口罩看到臉了還附上身份證了又發了手機簡訊驗證為什麼還要規定只能擴音再者連線穩定的情況下App當下居然無法同時操作這太不合理我們當然不可能在腦海裡面記得所有帳號當然是存App啊那不能同時操作的情況下簡直跟腦霧無異又不是什麼記憶大師而且這時候最好是我還會先預判到你們App是這樣子所以先準備好紙本帳號來綁定約定帳號這很好笑耶我覺得手機身份證加上本人視訊已經夠安全了不是嗎為什麼還要諸多限制呢要是這三樣東西真的完全都被人控制那八成也是被綁票了吧反正看完這篇的人應該也知道以後要視訊增加約定帳號最好還是好好地先用傳統的紙筆方式寫下來吧不然乾脆就請假吧反正這個年代要辦什麼大概都得請假吧至於其他的轉帳帳戶卡片等等功能則都很優秀這個自然不在話下只是我覺得聽到App的功能被抱怨應該是先尋求改進而不是兩手一攤說我們就是這樣,play store
59,60,2022-06-21,國泰,本來轉帳很方便、更新後轉帳金額只能輸入個位數、是個人手機問題還是系統更新有問題？,本來轉帳很方便更新後轉帳金額只能輸入個位數是個人手機問題還是系統更新有問題,play store
60,61,2022-07-21,國泰,設定自動扣款竟出現未繳，沒開APP還都不知道有未繳，不足扣款也沒通知耶！7-11點數也不知道去哪？還白刷又弄成這樣，爛爆了,設定自動扣款竟出現未繳沒開APP還都不知道有未繳不足扣款也沒通知耶點數也不知道去哪還白刷又弄成這樣爛爆了,play store
61,62,2022-08-06,國泰,電子帳單明細一團亂，重覆項目扣款也一直發生，紙本帳單停用連通知都沒有直接停用。,電子帳單明細一團亂重覆項目扣款也一直發生紙本帳單停用連通知都沒有直接停用,play store
62,63,2022-07-23,國泰,說什麼連線異常 要更新程式 更新完還是出現一樣連線異常 根本進不去鬼東西 一直異常要怎麼查詢啊???????????,說什麼連線異常要更新程式更新完還是出現一樣連線異常根本進不去鬼東西一直異常要怎麼查詢啊,play store
63,64,2022-05-17,國泰,"您好，我有申購定期定額買證券，今日有兩筆申購各為1,000的金額會扣款，但卻發現扣款總額兩筆都超過1,000，數字很奇怪也覺得不安心。請問系統是多扣了嗎？為什麼扣款金額會大於設定的申購金額呢？（金額大於申購金額很多，一筆是1972,一筆是3653其實蠻嚇人的）是定期定額扣款當日會突發這樣的狀況嗎？因為隔天金額就變正常了。",您好我有申購定期定額買證券今日有兩筆申購各為的金額會扣款但卻發現扣款總額兩筆都超過數字很奇怪也覺得不安心請問系統是多扣了嗎為什麼扣款金額會大於設定的申購金額呢金額大於申購金額很多一筆是一筆是其實蠻嚇人的是定期定額扣款當日會突發這樣的狀況嗎因為隔天金額就變正常了,play store
64,65,2022-06-20,國泰,為什麼最近登入國泰世華的app，輸入密碼的欄位都無法跳出鍵盤來呢？樹精靈也是這樣,為什麼最近登入國泰世華的app輸入密碼的欄位都無法跳出鍵盤來呢樹精靈也是這樣,play store
65,66,2022-06-28,國泰,我要繳費，打不開一直說連線異常 死都打不開，前兩天才開，更新完就死了，是在更新什麼？,我要繳費打不開一直說連線異常死都打不開前兩天才開更新完就死了是在更新什麼,play store
66,67,2022-07-30,國泰,為什麼app已是新版本，還沒辦法開起轉帳功能呢？ App有問題也不快修復，有人抱怨舊版App難用嗎？ 新版才難用,為什麼app已是新版本還沒辦法開起轉帳功能呢App有問題也不快修復有人抱怨舊版App難用嗎新版才難用,play store
67,68,2022-05-30,國泰,昨天還可以進去APP看網銀內容，為什麼今天卻無法進去。還要我從新進去，用這麼就的APP，誰還記得當初設定密碼是多少？ 現在進不去要如何解決？,昨天還可以進去APP看網銀內容為什麼今天卻無法進去還要我從新進去用這麼就的APP誰還記得當初設定密碼是多少現在進不去要如何解決,play store
68,69,2022-07-21,國泰,很方便，遇到使用問題可以直接找真人客服，很快速解決問題。,很方便遇到使用問題可以直接找真人客服很快速解決問題,play store
69,70,2022-07-23,國泰,更新後就登入不進了 一直要我更新 重新啟動也一樣 且所有綁定都無效了 換一台手機重新下載也一樣,更新後就登入不進了一直要我更新重新啟動也一樣且所有綁定都無效了換一台手機重新下載也一樣,play store
70,71,2022-07-11,國泰,各種不同的消費交易都能隨時通知，也能輕鬆操作及方便！,各種不同的消費交易都能隨時通知也能輕鬆操作及方便,play store
71,72,2022-08-21,國泰,無法自己設分期，一定要繳完上期帳單，太不方便，客服也太爛。,無法自己設分期一定要繳完上期帳單太不方便客服也太爛,play store
72,73,2022-08-24,國泰,畫面品質不佳，難以操作，沒有細分消費明細。,畫面品質不佳難以操作沒有細分消費明細,play store
73,74,2022-07-31,國泰,"無法啟用app,按照設定要求的寫代號，不管變多少不一樣的代號全無效。",無法啟用app按照設定要求的寫代號不管變多少不一樣的代號全無效,play store
74,75,2022-08-03,國泰,更新至2022/7/21版本後，就再也無法進行轉帳(輸入轉出及轉入帳號沒問題，但到了轉帳金額就會卡住)，幫個忙好嗎？,更新至版本後就再也無法進行轉帳輸入轉出及轉入帳號沒問題但到了轉帳金額就會卡住幫個忙好嗎,play store
75,76,2022-08-04,國泰,服務態度很差，客服電話都要等30分鐘以上才會接通。,服務態度很差客服電話都要等分鐘以上才會接通,play store
76,77,2022-08-07,國泰,強制更新後， 為何原本登入的方式都被改要帳號密碼方式?,強制更新後為何原本登入的方式都被改要帳號密碼方式,play store
77,78,2022-08-08,國泰,要幫未成年子女開戶，使用APP開戶，遇到要上傳證件時，小孩沒有身份證，也沒提供可以上傳戶口名簿的選項，只能上傳身份證，嘗試用家長的身份證去驗證也不行，就整個卡關在那邊,要幫未成年子女開戶使用APP開戶遇到要上傳證件時小孩沒有身份證也沒提供可以上傳戶口名簿的選項只能上傳身份證嘗試用家長的身份證去驗證也不行就整個卡關在那邊,play store
78,79,2022-07-31,國泰,常用的功能都做得很好 希望頭像能夠像國泰優惠app一樣自行上傳照片~,常用的功能都做得很好希望頭像能夠像國泰優惠app一樣自行上傳照片,play store
79,80,2022-08-01,國泰,新版本轉帳功能使用不方便 填寫金額根本無法輸入兩位數以上的數字 重新裝載沒用,新版本轉帳功能使用不方便填寫金額根本無法輸入兩位數以上的數字重新裝載沒用,play store
80,81,2022-08-07,國泰,您好 已更新最新版 但轉帳時輸入轉帳金額只輸入一個數字後就就會卡頓且無法輸入 再麻煩了,您好已更新最新版但轉帳時輸入轉帳金額只輸入一個數字後就就會卡頓且無法輸入再麻煩了,play store
81,82,2022-07-30,國泰,真的很爛！新版轉帳的金額根本輸入不進去！,真的很爛新版轉帳的金額根本輸入不進去,play store
82,83,2022-07-23,國泰,突然就登不進去了 如果要這樣乾脆別老更新些有的沒的 不弄還好一弄無法用只會讓人覺得麻煩,突然就登不進去了如果要這樣乾脆別老更新些有的沒的不弄還好一弄無法用只會讓人覺得麻煩,play store
83,84,2022-06-07,國泰,app的設計，操作簡單又快速；網路銀行，無論是轉帳或線上繳費都很快速又好用，非常人性化！👍,app的設計操作簡單又快速網路銀行無論是轉帳或線上繳費都很快速又好用非常人性化,play store
84,85,2022-07-27,國泰,以前只要刷卡就會立刻跳出通知，最近都沒有通知耶，被盜刷都不知道..🙄,以前只要刷卡就會立刻跳出通知最近都沒有通知耶被盜刷都不知道,play store
85,86,2022-06-09,國泰,以前覺得方便好用👍👍👍 2022／6月即時刷卡明細功能不見，變得不方便了,以前覺得方便好用月即時刷卡明細功能不見變得不方便了,play store
86,87,2022-07-01,國泰,人性化介面，易懂易操作。 目前是使用最完美的銀行。,人性化介面易懂易操作目前是使用最完美的銀行,play store
87,88,2022-07-15,國泰,每次更新就要從新登入誰會去記，當初已經設定好指紋辨識更新後又要從來到銀行從新辦理，真麻煩可不可以不要每次更新都搞這又要請假，真擾民！,每次更新就要從新登入誰會去記當初已經設定好指紋辨識更新後又要從來到銀行從新辦理真麻煩可不可以不要每次更新都搞這又要請假真擾民,play store
88,89,2022-06-11,國泰,你們的app部門是腦袋壞掉了嗎， 原本設定約定帳戶，更新後全部都不見了,你們的app部門是腦袋壞掉了嗎原本設定約定帳戶更新後全部都不見了,play store
89,90,2022-07-26,國泰,Sony XZ3 更新完後無法輸入轉帳數字，轉帳無法輸入數字，等同app沒有用處了。,SonyXZ更新完後無法輸入轉帳數字轉帳無法輸入數字等同app沒有用處了,play store
90,91,2022-07-26,國泰,透過客服視訊完成重發密碼，有點麻煩，但也感覺比較安全,透過客服視訊完成重發密碼有點麻煩但也感覺比較安全,play store
91,92,2022-06-22,國泰,疫情下，在人多提款機提款，還設計成只能脫口罩辨識人臉才行，把染疫風險在客戶身上，大大提高數倍，而無法更改其他方式,疫情下在人多提款機提款還設計成只能脫口罩辨識人臉才行把染疫風險在客戶身上大大提高數倍而無法更改其他方式,play store
92,93,2022-07-14,國泰,關於外幣功能，玉山銀行可顯示所購買幣別的平均買入匯率，方便使用者掌握購入成本，希望貴公司可考慮開發此功能。,關於外幣功能玉山銀行可顯示所購買幣別的平均買入匯率方便使用者掌握購入成本希望貴公司可考慮開發此功能,play store
93,94,2022-06-09,國泰,客服說明很清楚，讓我在連結與設定很方便。,客服說明很清楚讓我在連結與設定很方便,play store
94,95,2022-06-17,國泰,無法開卡 資料打完之後下一步 就出现傳進參數空值或不正確,無法開卡資料打完之後下一步就出现傳進參數空值或不正確,play store
95,96,2022-06-09,國泰,使用上，主控台比其他銀行易設定，簡潔的介面，謝謝,使用上主控台比其他銀行易設定簡潔的介面謝謝,play store
96,97,2022-07-14,國泰,辨識人臉永遠都有錯誤 後面甚至當機無法辨識，多給一顆星是因為我浪費了半小時，算你厲害,辨識人臉永遠都有錯誤後面甚至當機無法辨識多給一顆星是因為我浪費了半小時算你厲害,play store
97,98,2022-07-25,國泰,最近突然要求非約定轉帳需要做人臉辨識，客服一直忙線，等了很久根本進不去,最近突然要求非約定轉帳需要做人臉辨識客服一直忙線等了很久根本進不去,play store
98,99,2022-06-15,國泰,"有誤入密碼,差點鎖機,打去客服,有效處理,謝謝",有誤入密碼差點鎖機打去客服有效處理謝謝,play store
99,100,2022-06-28,國泰,一直連線異常，不然就是檢查是否最近跟新，都是正常的還一直出現,一直連線異常不然就是檢查是否最近跟新都是正常的還一直出現,play store
100,101,2022-07-23,國泰,已更新至最新了，為什麼顯示連線異常，連登都不能登,已更新至最新了為什麼顯示連線異常連登都不能登,play store
101,102,2022-06-09,國泰,有一問三不知的阿發的一天 全部都一星 投資的智慧投資的影片 都會自己播放影音導致看基金時 別的播放軟體會停止,有一問三不知的阿發的一天全部都一星投資的智慧投資的影片都會自己播放影音導致看基金時別的播放軟體會停止,play store
102,103,2022-06-10,國泰,用app購買外匯非常便利，操作順利可靠度高。,用app購買外匯非常便利操作順利可靠度高,play store
103,104,2022-07-25,國泰,線上預約開戶幾乎隨時處於爆滿狀態，而且點選立即預約或立即預填後都不會跳到資料填寫或是預約介面,線上預約開戶幾乎隨時處於爆滿狀態而且點選立即預約或立即預填後都不會跳到資料填寫或是預約介面,play store
104,105,2022-07-18,國泰,希望能支援橫向顯示，否則很不方便！,希望能支援橫向顯示否則很不方便,play store
105,106,2022-06-08,國泰,更新之後手機提款到驗證的時候就會卡住，不管是人臉驗證或是交易密碼都一樣,更新之後手機提款到驗證的時候就會卡住不管是人臉驗證或是交易密碼都一樣,play store
106,107,2022-07-11,國泰,集保e手掌握銀行同步 都用不進去可以教一下怎麼用嗎？ 我其他銀行app用一次就可以了 唯獨國泰用不進去,集保e手掌握銀行同步都用不進去可以教一下怎麼用嗎我其他銀行app用一次就可以了唯獨國泰用不進去,play store
107,108,2022-07-12,國泰,不錯啊蠻方便的，繳信用卡費很快速,不錯啊蠻方便的繳信用卡費很快速,play store
108,109,2022-07-19,國泰,根本無法轉帳……只能一位數？越更新越多問題,根本無法轉帳只能一位數越更新越多問題,play store
109,110,2022-07-15,國泰,網路繳費，轉帳非常簡單，容易操作,網路繳費轉帳非常簡單容易操作,play store
110,111,2022-03-17,國泰,"刷卡沒有及時簡訊通知,下載這app使用也是沒,不知道這app有什麼做用,使用簡訊或app是要防止盗刷。沒有及時通知。這app根本是沒有意義。別家都有及時簡訊就算你刷一塊錢。剪卡剪卡。",刷卡沒有及時簡訊通知下載這app使用也是沒不知道這app有什麼做用使用簡訊或app是要防止盗刷沒有及時通知這app根本是沒有意義別家都有及時簡訊就算你刷一塊錢剪卡剪卡,play store
111,112,2022-04-05,國泰,"用中華電信無線上網,app也是最新版本，就說網路異常，就不給進，直接退出,是什麼回事！(明明之前都能使用的!氣死了!)",用中華電信無線上網app也是最新版本就說網路異常就不給進直接退出是什麼回事明明之前都能使用的氣死了,play store
112,113,2022-04-14,國泰,版本為7.4.7，在切換個人資訊頁面和主頁面時一直有投資理財有賺有賠的聲音斷斷續續出現，後來才發現是智能投資的yt自動播放，希望工程團隊可以靜音處理，不然只是看個帳戶一直有聲音出現還滿怪的..,版本為在切換個人資訊頁面和主頁面時一直有投資理財有賺有賠的聲音斷斷續續出現後來才發現是智能投資的yt自動播放希望工程團隊可以靜音處理不然只是看個帳戶一直有聲音出現還滿怪的,play store
113,114,2022-04-08,國泰,不懂為什麼你們家的網銀轉帳非得要綁手機app？一般申請otp傳送簡訊認證碼就可以完成交易 害我錢存的進去都轉不出來 而app卻還要檢查原留門號是否有行動數據？？ 但我偏偏是另一個門號才有辦上網，但此門號並不是主要使用的 結果為了一個轉帳，花了一個小時到櫃台才變更門號完成 另外，小孩的帳號又不能綁跟我同一個門號，那怎麼轉帳？！！！ 這個app綁手綁腳真的很擾民，請快點找到解決辦法！！ 但櫃檯小姐真的態度很好，但她們業務通常量大且久，請貴公司考慮增添人手，不要讓客戶等那麼久！　您回覆：依政府法規規定，交易認證碼設定需通過電信公司驗證始可辦理。　＞＞那可以傳送電信公司的簡訊驗證就好，不要綁一個不好用的app，長輩也不會用的app,不懂為什麼你們家的網銀轉帳非得要綁手機app一般申請otp傳送簡訊認證碼就可以完成交易害我錢存的進去都轉不出來而app卻還要檢查原留門號是否有行動數據但我偏偏是另一個門號才有辦上網但此門號並不是主要使用的結果為了一個轉帳花了一個小時到櫃台才變更門號完成另外小孩的帳號又不能綁跟我同一個門號那怎麼轉帳這個app綁手綁腳真的很擾民請快點找到解決辦法但櫃檯小姐真的態度很好但她們業務通常量大且久請貴公司考慮增添人手不要讓客戶等那麼久您回覆依政府法規規定交易認證碼設定需通過電信公司驗證始可辦理那可以傳送電信公司的簡訊驗證就好不要綁一個不好用的app長輩也不會用的app,play store
114,115,2022-04-05,國泰,2022/4/5完全無法進入app，一直出現檢測連線異常，要求更新到最新版本app。即使已經更新，仍然持續出現同樣訊息，導致無法繳交信用卡帳單。因此產生overdue的利息，該自己負責嗎？,完全無法進入app一直出現檢測連線異常要求更新到最新版本app即使已經更新仍然持續出現同樣訊息導致無法繳交信用卡帳單因此產生overdue的利息該自己負責嗎,play store
115,116,2022-04-11,國泰,app一進去並不是你說的畫面只有信用卡而已《必須打去客服或現場辦理升級密碼才行》 請問這不是擾民什麼是擾民哪家銀行像你們一樣那麼擾民。多學學中國信託要不是薪水綁定你家＆@？！＾～：真的懶的評論是因為用到火大以前用好好的更新個屁擾民。 網路銀行就是可以方便銀行帳號及轉帳繳費功能就你家，網路銀行只能信用卡繳款不能查詢自己帳戶餘額明細，爛透了。,app一進去並不是你說的畫面只有信用卡而已必須打去客服或現場辦理升級密碼才行請問這不是擾民什麼是擾民哪家銀行像你們一樣那麼擾民多學學中國信託要不是薪水綁定你家真的懶的評論是因為用到火大以前用好好的更新個屁擾民網路銀行就是可以方便銀行帳號及轉帳繳費功能就你家網路銀行只能信用卡繳款不能查詢自己帳戶餘額明細爛透了,play store
116,117,2022-04-28,國泰,謝謝國泰世華APP，讓我可以隨時了解國泰帳戶資料，以及核對每月蝦皮卡的花費紀錄，讓我使用上得到最大的幫助，也減少我長跑銀行的時間，非常棒的APP，希望能越來越好並持續維持下去這樣的服務品質。,謝謝國泰世華APP讓我可以隨時了解國泰帳戶資料以及核對每月蝦皮卡的花費紀錄讓我使用上得到最大的幫助也減少我長跑銀行的時間非常棒的APP希望能越來越好並持續維持下去這樣的服務品質,play store
117,118,2022-03-10,國泰,經過不斷更新，現在的app已經穩定很多了。 唉...才剛改完評價就馬上就出問題，app說我的連線異常(???)叫我更新到新版，但我已經是最新版了啊？又是哪跟筋不對了?,經過不斷更新現在的app已經穩定很多了唉才剛改完評價就馬上就出問題app說我的連線異常叫我更新到新版但我已經是最新版了啊又是哪跟筋不對了,play store
118,119,2022-03-09,國泰,很糟糕喔，開不了卡，顯示我的申請資料不符（電話號碼與申請時不符合，我一直沒有換阿，用了快20年耶），直接停格，乾脆不要使用，而且是銀行通知有異常消費（3/3晚上7點多）見鬼了，全台大停電，卡不離身，人也在家，去那兒消費啊~~~🤔🤔 讓我舊卡停用，補發新卡，現在竟然開不了卡🤔🤔🤔,很糟糕喔開不了卡顯示我的申請資料不符電話號碼與申請時不符合我一直沒有換阿用了快年耶直接停格乾脆不要使用而且是銀行通知有異常消費晚上點多見鬼了全台大停電卡不離身人也在家去那兒消費啊讓我舊卡停用補發新卡現在竟然開不了卡,play store
119,120,2022-03-10,國泰,已經在家(用WiFi)用了一年沒問題，今早打開說要更新(經Google play，也已更新，還是不行，测我太太也是-樣不行。)但用台銀App则OK。 但把Wifi改用4G则OK了。請速改善吧!氣死人。,已經在家用WiFi用了一年沒問題今早打開說要更新經Googleplay也已更新還是不行测我太太也是樣不行但用台銀App则OK但把Wifi改用G则OK了請速改善吧氣死人,play store
120,121,2022-04-05,國泰,完全進不去，連線異常。而且你們刷卡是不是也當機，現在完全無法線上刷卡。2022/4/5晚上11點更新：雖然現在好了，但我還是很不爽。只加到2顆星表達我的憤怒。,完全進不去連線異常而且你們刷卡是不是也當機現在完全無法線上刷卡晚上點更新雖然現在好了但我還是很不爽只加到顆星表達我的憤怒,play store
121,122,2022-05-24,國泰,國泰的證卷手續費，業界算最便宜，另它的網銀跟證卷組合還有台股美股的定期定額，整合的不錯。 唯一美中不足是證卷的app常無故跳出。 整體來說不錯。,國泰的證卷手續費業界算最便宜另它的網銀跟證卷組合還有台股美股的定期定額整合的不錯唯一美中不足是證卷的app常無故跳出整體來說不錯,play store
122,123,2022-04-05,國泰,不知怎麼了用手機app要登入都一直跳到要更新app，但版本已是最新版，關機後有重開還是一樣無法登入，導致於我根本就在app那裡一直開來開去無法輸入指紋登入,不知怎麼了用手機app要登入都一直跳到要更新app但版本已是最新版關機後有重開還是一樣無法登入導致於我根本就在app那裡一直開來開去無法輸入指紋登入,play store
123,124,2022-03-27,國泰,更新APP後無法登入，要轉帳到數位帳戶扣款，導致扣款不成功，是不是會變成信用不良，也無法在網路更改密碼、代號，希望改進,更新APP後無法登入要轉帳到數位帳戶扣款導致扣款不成功是不是會變成信用不良也無法在網路更改密碼代號希望改進,play store
124,125,2022-04-26,國泰,本來app用的好好的很順，今天出現要更新版本執行後，就再也進不去了，一直顯示網路異常為了安全將自動關閉app，這是什麽爛版本？,本來app用的好好的很順今天出現要更新版本執行後就再也進不去了一直顯示網路異常為了安全將自動關閉app這是什麽爛版本,play store
125,126,2022-04-28,國泰,離開應用程式會詢問，卻不會順便問要不要登出。直接問“離開應用程式並登出”就好了（反正不登出也是算不正常登出，何必留著離開應用程式但不登出）。202204月更新，目前版本已沒有這個問題,離開應用程式會詢問卻不會順便問要不要登出直接問離開應用程式並登出就好了反正不登出也是算不正常登出何必留著離開應用程式但不登出月更新目前版本已沒有這個問題,play store
126,127,2022-04-05,國泰,111年4月5日2155時，突然無法進入（畫面出現：檢測到連線異常…等語）；目前APP已無更新狀況，並請持續優化（目前）,年月日時突然無法進入畫面出現檢測到連線異常等語目前APP已無更新狀況並請持續優化目前,play store
127,128,2022-04-05,國泰,繳費前有更新，更新完之後就一直登不進去，客服也被打爆，客服也打不進去，急著要繳費，不知道要怎麼辦，不知所措，這真的是一家好的銀行會讓客戶這樣糟糕的體驗嗎？,繳費前有更新更新完之後就一直登不進去客服也被打爆客服也打不進去急著要繳費不知道要怎麼辦不知所措這真的是一家好的銀行會讓客戶這樣糟糕的體驗嗎,play store
128,129,2022-03-10,國泰,超爛，伺服器常常故障打不開，轉帳收不到推播。我用電腦網頁轉帳，要我手機收推播認證，我收不到推播就打開app看一下，網頁就說我重複登入把我踢掉。什麼智障設計。,超爛伺服器常常故障打不開轉帳收不到推播我用電腦網頁轉帳要我手機收推播認證我收不到推播就打開app看一下網頁就說我重複登入把我踢掉什麼智障設計,play store
129,130,2022-04-05,國泰,更新前要登入系統，說連線異常要更新，更新之後還是一樣，也沒顯示說是否系統維護中或維護時間，重複顯示一樣的訊息，移除後重新安裝還是老樣子，不知道在幹嘛,更新前要登入系統說連線異常要更新更新之後還是一樣也沒顯示說是否系統維護中或維護時間重複顯示一樣的訊息移除後重新安裝還是老樣子不知道在幹嘛,play store
130,131,2022-06-19,國泰,更新後打不開來，手機還會當機，什麼垃圾,更新後打不開來手機還會當機什麼垃圾,play store
131,132,2022-05-18,國泰,手勢登入居然無法隱藏圖形，且顯示的圖象又大又明顯，很容易被偷窺，一點安全性都沒有。,手勢登入居然無法隱藏圖形且顯示的圖象又大又明顯很容易被偷窺一點安全性都沒有,play store
132,133,2022-06-14,國泰,應該要有信用卡繳款紀錄查詢，否則是否繳過款也不知道，會重複繳款,應該要有信用卡繳款紀錄查詢否則是否繳過款也不知道會重複繳款,play store
133,134,2022-07-23,國泰,更新完後無法開啟程式 會顯示異常連線 請確認程式是否更新至最新版本,更新完後無法開啟程式會顯示異常連線請確認程式是否更新至最新版本,play store
134,135,2022-03-10,國泰,"真的很差bug... 你好,我正在國外越南,前兩天还可以連上國泰世華網銀,今天早更新app後就無去連上,因急需轉帳從一般帳戶至數位帳戶,否則明天會造成信用違約！！ 如果造成信用違約,我要求助誰？？",真的很差bug你好我正在國外越南前兩天还可以連上國泰世華網銀今天早更新app後就無去連上因急需轉帳從一般帳戶至數位帳戶否則明天會造成信用違約如果造成信用違約我要求助誰,play store
135,136,2022-04-23,國泰,訊息很不同步，明明已經繳費，APP跳出通知已入帳，結果進去APP裡面看，居然還是要繳費的狀態！,訊息很不同步明明已經繳費APP跳出通知已入帳結果進去APP裡面看居然還是要繳費的狀態,play store
136,137,2022-03-09,國泰,app真的很難用，有臉部辨識但是一直出錯無法辨識，造成無法轉帳匯款， 又沒有辦法關掉臉部辨識， 因為只要按要進去設定就當掉了,app真的很難用有臉部辨識但是一直出錯無法辨識造成無法轉帳匯款又沒有辦法關掉臉部辨識因為只要按要進去設定就當掉了,play store
137,138,2022-03-10,國泰,很爛欸！更新也沒給更新檔，常常出問題，距離上次出狀況差不多三個月吧！該認真檢討改進。,很爛欸更新也沒給更新檔常常出問題距離上次出狀況差不多三個月吧該認真檢討改進,play store
138,139,2022-07-25,國泰,已安裝使用App，但無法更新是因為手機的廠牌(華為)的關係嗎？,已安裝使用App但無法更新是因為手機的廠牌華為的關係嗎,play store
139,140,2022-07-15,國泰,這次改版失敗，介面已無先前版本使用直覺。,這次改版失敗介面已無先前版本使用直覺,play store
140,141,2022-06-19,國泰,使用方便，不過如果能夠有消費明細就更方便了,使用方便不過如果能夠有消費明細就更方便了,play store
141,142,2022-07-23,國泰,時常當機的系統，近年已經出包幾次了？,時常當機的系統近年已經出包幾次了,play store
142,143,2022-04-08,國泰,信用卡上鎖功能異常，說明是一個月自動解鎖，根本不會自己解鎖，刷卡時一直說無法刷，回家檢查才知道根本沒解鎖，一直沒改進。,信用卡上鎖功能異常說明是一個月自動解鎖根本不會自己解鎖刷卡時一直說無法刷回家檢查才知道根本沒解鎖一直沒改進,play store
143,144,2022-04-05,國泰,已經是最新版本了，也卸載重載了，系統還是跳出連線異常要我跳回商店確認版本，無法登入。,已經是最新版本了也卸載重載了系統還是跳出連線異常要我跳回商店確認版本無法登入,play store
144,145,2022-08-01,國泰,剛剛打開而已正細讀相規定條款，以便日後使用，包括那些商家有優惠活動？頁面跑太快來不及看清楚，已換另外畫面？,剛剛打開而已正細讀相規定條款以便日後使用包括那些商家有優惠活動頁面跑太快來不及看清楚已換另外畫面,play store
145,146,2022-07-20,國泰,這是哪裡來的垃圾？我全部資料填完說伺服器問題要全部重填？,這是哪裡來的垃圾我全部資料填完說伺服器問題要全部重填,play store
146,147,2022-06-15,國泰,方便操作使用！節省臨櫃辦理時間！,方便操作使用節省臨櫃辦理時間,play store
147,148,2022-07-17,國泰,從花旗跳過來國泰完全不後悔，APP好用折扣也多,從花旗跳過來國泰完全不後悔APP好用折扣也多,play store
148,149,2022-05-30,國泰,每一個帳目不清楚，客服信用卡跟銀行部門活動不連通，操作困難希望改進，信用卡回饋活動變更沒有通知，讓消費者困擾,每一個帳目不清楚客服信用卡跟銀行部門活動不連通操作困難希望改進信用卡回饋活動變更沒有通知讓消費者困擾,play store
149,150,2022-08-18,國泰,各大銀行APP覺得就國泰最好用 簡單好操作,各大銀行APP覺得就國泰最好用簡單好操作,play store
150,151,2022-07-20,國泰,更新後不能輸入轉帳金額了……也太爛了吧,更新後不能輸入轉帳金額了也太爛了吧,play store
151,152,2022-04-05,國泰,其他銀行的APP都已經順利完成作業了，就你們一直說連線異常、一直說要更新、一直強制關閉，用自己帳戶繳個卡費這麼難，到底是多不想給人用？,其他銀行的APP都已經順利完成作業了就你們一直說連線異常一直說要更新一直強制關閉用自己帳戶繳個卡費這麼難到底是多不想給人用,play store
152,153,2022-08-24,國泰,操作方便，訊息快速,操作方便訊息快速,play store
153,154,2022-08-09,國泰,太方便太好用，轉帳功能非常棒。,太方便太好用轉帳功能非常棒,play store
154,155,2022-06-10,國泰,"app有專屬優惠項目,內容空空,必須轉往網路銀行查詢才看得到. 視訊認證嚴謹方便,建議約定帳號能增加自行輸入帳號名稱或描述.",app有專屬優惠項目內容空空必須轉往網路銀行查詢才看得到視訊認證嚴謹方便建議約定帳號能增加自行輸入帳號名稱或描述,play store
155,156,2022-06-10,國泰,新的轉帳頁面，要輸入備註時，經常面臨頁面無法精準點選備註欄。,新的轉帳頁面要輸入備註時經常面臨頁面無法精準點選備註欄,play store
156,157,2022-08-01,國泰,app已更新最新版本，轉帳發生錯誤，要求更新到最新版本,app已更新最新版本轉帳發生錯誤要求更新到最新版本,play store
157,158,2022-05-20,國泰,很好用，又便利，值得推薦，希望未來可以24小時換匯，會更便捷。,很好用又便利值得推薦希望未來可以小時換匯會更便捷,play store
158,159,2022-04-25,國泰,睡覺時間收到扣款通知，點進去卻不能看明細是扣什麼。只有買賣外幣還蠻容易，其他功能都很難用。,睡覺時間收到扣款通知點進去卻不能看明細是扣什麼只有買賣外幣還蠻容易其他功能都很難用,play store
159,160,2022-07-11,國泰,實在很方便又省手續費 讚喔！,實在很方便又省手續費讚喔,play store
160,161,2022-07-01,國泰,介面簡單清晰，非常好用,介面簡單清晰非常好用,play store
161,162,2022-03-28,國泰,完全沒屁用的app，連線一直異常，人臉辨識等等各種功能都死當，說改善了卻不知改善過什麼(?! 一個錢轉不出去，令人憤怒,完全沒屁用的app連線一直異常人臉辨識等等各種功能都死當說改善了卻不知改善過什麼一個錢轉不出去令人憤怒,play store
162,163,2022-04-09,國泰,更換手機後，無法登錄。顯示連線異常，並自動跳出回桌面。,更換手機後無法登錄顯示連線異常並自動跳出回桌面,play store
163,164,2022-04-05,國泰,都一把火了，登入不了，還祝你有個美好的一天 什麼連線異常，叫我更新，就已經是最新版了，更什麼新？,都一把火了登入不了還祝你有個美好的一天什麼連線異常叫我更新就已經是最新版了更什麼新,play store
164,165,2022-04-05,國泰,今天更新之後就一直出現連線安全疑慮，就無法登入了，是怎麼了？救命啊～,今天更新之後就一直出現連線安全疑慮就無法登入了是怎麼了救命啊,play store
165,166,2022-04-09,國泰,完全無法登入，進來後才發現很多人都有遇到此問題，回覆都說系統已處理好，那怎麼我還是無法登入呢？,完全無法登入進來後才發現很多人都有遇到此問題回覆都說系統已處理好那怎麼我還是無法登入呢,play store
166,167,2022-07-31,國泰,原本轉帳就很好用了，新板跟本不好用，約定常用帳號都不見了,原本轉帳就很好用了新板跟本不好用約定常用帳號都不見了,play store
167,168,2022-04-05,國泰,明明更新至最新了，開啟時還一直叫我更新，且更新時又通知，已是最新無法再行更新，這麼大的財團，東西用那麼爛？,明明更新至最新了開啟時還一直叫我更新且更新時又通知已是最新無法再行更新這麼大的財團東西用那麼爛,play store
168,169,2022-04-05,國泰,怎麼會無法登錄，現在到底是什麼狀況。客服電話也無法接通，真是讓存戶不安心。,怎麼會無法登錄現在到底是什麼狀況客服電話也無法接通真是讓存戶不安心,play store
169,170,2022-07-29,國泰,不能轉帳的要砍掉app 重裝才可以用 你們總行是搬去河南是不是 所以我們app都不能轉帳了 還是疫苗險賠太多 沒給IT付足夠薪水 做出這種app要我們更新 然後又不讓我轉帳 已經兩天了 這棵大樹是不是枯萎了,不能轉帳的要砍掉app重裝才可以用你們總行是搬去河南是不是所以我們app都不能轉帳了還是疫苗險賠太多沒給IT付足夠薪水做出這種app要我們更新然後又不讓我轉帳已經兩天了這棵大樹是不是枯萎了,play store
170,171,2022-07-03,國泰,7.1號手機轉帳一直系統忙碌，到今日7.3號依舊忙碌，是多忙？？？,號手機轉帳一直系統忙碌到今日號依舊忙碌是多忙,play store
171,172,2022-04-05,國泰,無法進入app是怎樣，更新了也重開機了，網路也重連了，就是不可以進入，到底要怎麼更新,無法進入app是怎樣更新了也重開機了網路也重連了就是不可以進入到底要怎麼更新,play store
172,173,2022-04-21,國泰,非常實用方便，操作簡單，省時省力，太棒了！,非常實用方便操作簡單省時省力太棒了,play store
173,174,2022-08-22,國泰,預先申辦的體驗很差，限時到底是什麼奇怪的要求,預先申辦的體驗很差限時到底是什麼奇怪的要求,play store
174,175,2022-08-24,國泰,垃圾APP，繳個費系統繁忙是三小啦,垃圾APP繳個費系統繁忙是三小啦,play store
175,176,2022-08-09,國泰,無法登入 到底是什麼情況,無法登入到底是什麼情況,play store
176,177,2022-08-15,國泰,希望CUBE信用卡可設定鎖卡金額。,希望CUBE信用卡可設定鎖卡金額,play store
177,178,2022-08-17,國泰,還不錯，越來越好用,還不錯越來越好用,play store
178,179,2022-08-15,國泰,方便繳費，繳費方便,方便繳費繳費方便,play store
179,180,2022-08-14,國泰,繳費過後 就應該顯示已繳費 而不是還是顯示要繳費,繳費過後就應該顯示已繳費而不是還是顯示要繳費,play store
180,181,2022-06-09,國泰,簡單好用，功能齊全,簡單好用功能齊全,play store
181,183,2022-07-15,國泰,反應慢，畫面操作繁雜,反應慢畫面操作繁雜,play store
182,184,2022-08-10,國泰,轉帳金額框框有異常 一次手機只能按一個數字 有點被鎖住的感覺,轉帳金額框框有異常一次手機只能按一個數字有點被鎖住的感覺,play store
183,185,2022-07-05,國泰,以前網銀app會顯示koko轉帳次數，改版後怎麼刪掉了！,以前網銀app會顯示koko轉帳次數改版後怎麼刪掉了,play store
184,186,2022-04-23,國泰,為什麼啟用非約定轉帳一定要逼我們申請臉部辨識？都已經有認證碼了還要臉部辨識，我在外面想轉帳難道一定要脫口罩嗎？不能改成指紋或是簡訊之類的嗎？非常困擾難用，APP不能轉帳不知道還有什麼用處🔥,為什麼啟用非約定轉帳一定要逼我們申請臉部辨識都已經有認證碼了還要臉部辨識我在外面想轉帳難道一定要脫口罩嗎不能改成指紋或是簡訊之類的嗎非常困擾難用APP不能轉帳不知道還有什麼用處,play store
185,188,2022-03-10,國泰,更新後，顯示『檢測到連線異常』，然後按確定就關閉APP了，一直無法開啟APP。,更新後顯示檢測到連線異常然後按確定就關閉APP了一直無法開啟APP,play store
186,189,2022-07-23,國泰,清楚、簡易，絲毫不拖泥帶水好用！,清楚簡易絲毫不拖泥帶水好用,play store
187,190,2022-03-19,國泰,活存利率跟其他家比起來少的可憐，免費跨提和轉帳也只有三次要開通還一堆鳥規則，人臉註冊規定時間都是我上班時間註冊個鬼，完全都是在找客戶麻煩，強烈不推薦辦這家的數位帳戶,活存利率跟其他家比起來少的可憐免費跨提和轉帳也只有三次要開通還一堆鳥規則人臉註冊規定時間都是我上班時間註冊個鬼完全都是在找客戶麻煩強烈不推薦辦這家的數位帳戶,play store
188,191,2021-01-26,國泰,你家系統是真的很好用沒錯！ 但是唯一的敗筆就是，更新後又要重新設定！(之前花旗也是！直接送一顆星) 是不是指紋辨識還是有安全疑慮？才會推出這個人臉辨識！怎不直接推出指紋重新設定，符合什米規定的才是。.... 是多方管道可以設定，可是突然要用的時候，噔噔噔！發現畫面跳重新設定這個鬼東西，感覺真的差到不行！密碼健忘危機，你懂嗎？,你家系統是真的很好用沒錯但是唯一的敗筆就是更新後又要重新設定之前花旗也是直接送一顆星是不是指紋辨識還是有安全疑慮才會推出這個人臉辨識怎不直接推出指紋重新設定符合什米規定的才是是多方管道可以設定可是突然要用的時候噔噔噔發現畫面跳重新設定這個鬼東西感覺真的差到不行密碼健忘危機你懂嗎,play store
189,197,2021-03-03,國泰,版本7.2.2 轉帳驗證功能有問題。 之前透過網銀設定轉帳，手機驗證是正常的。現在是手機收到通知，點通知後無反應，不會進到之前的驗證碼輸入頁面。 問題好幾個月了，建議儘速處理。 目前網銀轉帳給非約定用戶，等於是完全無法使用。 專業用語就是P1 case,版本轉帳驗證功能有問題之前透過網銀設定轉帳手機驗證是正常的現在是手機收到通知點通知後無反應不會進到之前的驗證碼輸入頁面問題好幾個月了建議儘速處理目前網銀轉帳給非約定用戶等於是完全無法使用專業用語就是Pcase,play store
